Sample,Donor,Sample_type,MMR status,n_schwann,total_counts,MT2A,SOD2,CCL2,IER3,CXCL10,IL6,LCN2,SLPI,CHI3L1,CSF3,CCL11,TIMP1,IFITM1,logCPM_MT2A,logCPM_SOD2,logCPM_CCL2,logCPM_IER3,logCPM_CXCL10,logCPM_IL6,logCPM_LCN2,logCPM_SLPI,logCPM_CHI3L1,logCPM_CSF3,logCPM_CCL11,logCPM_TIMP1,logCPM_IFITM1,reactive_core_score
118N,Donor118,N,pMMR,718,103057,230,109,43,347,32,27,102,42,21,29,44,44,151,7.711000328243585,6.964765958373939,6.0360669684311565,8.122094775851597,5.74142430500888,5.572119571714244,6.8984557117189595,6.012593396641241,5.32189095726678,5.643316265968797,6.059002145540675,6.059002145540675,7.290435146471201,6.417859052059364
118T,Donor118,T,pMMR,1127,369527,450,800,64,786,100,134,2742,101,127,50,55,1290,1992,7.105599886443894,7.68060499931587,5.160171807438932,7.662958287627106,5.60439011479604,5.896125138295091,8.91210908608679,5.614303992853596,5.842623992549395,4.9149178387481935,5.009560857811281,8.158215380919016,8.59261139600756,6.627245598376366
130T,Donor130,T,pMMR,488,167585,168,155,29,502,55,27,26,41,45,23,17,135,538,6.911225605709067,6.830770320144939,5.159322583660174,8.005198492388786,5.79664014628223,5.088289128434451,5.050786024791915,5.503915768589511,5.5966442772943665,4.929018697150846,4.6292876064624915,6.692779972691754,8.074434601685512,6.020639478868158
137T,Donor137,T,pMMR,1715,239383,904,400,142,363,345,125,115,177,250,100,118,1181,750,8.236784628781411,7.421753324843846,6.387201933257293,7.324752573458849,7.2739285394274455,6.259917469145168,6.176702055398399,6.607191764409873,6.952108490961054,6.037251654581555,6.202401738226145,8.504009990071193,8.05008283217758,7.033391307287678
142N,Donor142,N,dMMR,2528,700994,4388,729,141,1763,85,168,397,274,99,102,251,152,1178,8.742044512328203,6.94789080415961,5.308975112677392,7.83042566884939,4.806120375321556,5.483383832836065,6.340956402767225,5.970939162772901,4.957431598013141,4.9870777467487475,5.883497802464599,5.383737672884462,7.42742420971943,6.159223453964826
142T,Donor142,T,dMMR,1285,146474,511,213,86,242,137,74,72,130,132,69,72,489,321,8.15756353168663,7.28288694141151,6.376956374201646,7.410450148199031,6.841956848653667,6.226949855872553,6.199605754295003,6.7895678799346415,6.80481829957154,6.157134406888749,6.199605754295003,8.113569323132873,7.692804665028555,6.942605367936263
150T,Donor150,T,pMMR,1290,265248,434,282,40,924,112,79,72,55,50,66,40,4383,787,7.400745559491706,6.969937266172831,5.0225788059968925,8.156089136954515,6.047954398613669,5.699889839608666,5.607433391281402,5.339234325795337,5.244403985268825,5.520755638447517,5.0225788059968925,9.712639257614523,7.995655270055057,6.4415304370229105
170N,Donor170,N,pMMR,1180,147474,925,270,41,168,41,38,34,48,29,48,42,146,134,8.744056546082243,7.513071399811744,5.631265929989042,7.038944805698221,5.631265929989042,5.555562933144838,5.444792005418177,5.78837206573511,5.286471643736454,5.78837206573511,5.655278143752732,6.89871959772146,6.813043136952365,6.291478169520502
170T,Donor170,T,pMMR,933,197659,369,228,28,396,40,37,108,65,58,28,29,254,432,7.532544117111316,7.05142413406967,4.960450915553253,7.60312518085444,5.3150207153379245,5.237457784430841,6.305171685558253,5.798635518619485,5.685057085800163,4.960450915553253,4.995300490066924,7.15932410466837,7.6900949828237115,6.176465971572892
278N,Donor278,N,pMMR,537,106938,245,88,37,91,34,26,44,55,30,30,36,69,96,7.73720064865935,6.714057332972613,5.8493100119281785,6.74754001114646,5.765006875717134,5.49770715447093,6.022123146054042,6.244781676459844,5.640261695245408,5.640261695245408,5.821991086951036,6.4711611826555675,6.800967560712189,6.2271053906321665
278T,Donor278,T,pMMR,738,182379,600,278,41,145,151,42,73,60,65,26,34,496,550,8.098901913577148,7.329945277708098,5.419678810242486,6.67965907782606,6.720155255497714,5.443670914147127,5.994623007493869,5.799047941375338,5.878857511218399,4.966754966796059,5.233378616920828,7.908611898285774,8.011918160990811,6.421938719390748
280N,Donor280,N,pMMR,534,64127,789,62,26,67,13,12,16,24,12,15,14,36,109,9.417737380736,6.875057943864083,6.007449711362811,6.952539067940983,5.3167598638863725,5.237126125292271,5.523478436248314,5.92761201224034,5.237126125292271,5.4592060089087635,5.390517157943697,6.3321884462622195,7.438825817230802,6.239663392092994
280T,Donor280,T,pMMR,384,154072,468,253,27,158,154,20,173,23,60,12,15,315,776,8.019132708774155,7.404333536971683,5.171862270077851,6.93390495048829,6.908287823172231,4.873741605703868,7.024517041113767,5.0125059147528175,5.967244390912656,4.367999511031488,4.58860452807892,7.623396890067222,8.52468630022747,6.340016728567109
46T,Donor46,T,pMMR,636,126231,213,138,38,185,27,29,218,43,56,40,32,176,413,7.431526341175869,6.997809701651187,5.710544240132592,7.290679639328651,5.370142910521038,5.441280894288788,7.454715653695464,5.833773137073351,6.097244996208434,5.761671977309,5.539314578749064,7.24084267675026,8.093394907530886,6.481764742647276
64N,Donor64,N,pMMR,1640,132767,540,208,60,247,72,61,76,64,40,127,52,61,139,8.310974540948786,7.357335745752745,6.115714467751427,7.529085277230881,6.297667973867368,6.13220757400276,6.3516383171775015,6.180114985758627,5.711352699606816,6.864391516642941,5.972953243008192,6.13220757400276,6.954588202326125,6.608479393698226
64T,Donor64,T,pMMR,2188,370929,601,615,122,1976,216,82,1137,80,97,111,43,2061,2301,7.390956539862354,7.413969831930357,5.798801443051001,8.580762187148666,6.3687388081135605,5.40297718061985,8.028219284728264,5.378397140549507,5.570272305223756,5.704610942286616,4.761533987306743,8.622871149303828,8.733004889785569,6.7503935146084695
67T,Donor67,T,pMMR,3225,3002245,1643,3836,527,4599,302,481,620,5445,491,387,624,3053,33019,6.306744403008935,7.153607437648667,5.173520900246587,7.3348864162869045,4.620958795096395,5.082729202995961,5.335189780172596,7.503643917767425,5.103179719572344,4.866792153377715,5.34158977902911,6.925502542766894,9.30556901083709,6.157993389138971
73N,Donor73,N,pMMR,1867,528729,4016,781,124,1033,49,102,386,220,111,56,120,609,1219,8.935452574055633,7.2985311762646345,5.461815710027418,7.578013442232444,4.539832150777887,5.2674223079557905,6.594485462164703,6.033307242371716,5.351561482626989,4.672028252519851,5.429167405174564,7.04996534888976,7.743499041116489,6.304237045859837
73T,Donor73,T,pMMR,1828,722609,934,1633,189,1893,125,95,1748,142,280,43,138,4405,2922,7.165136815728317,7.72350350439749,5.570450058082283,7.871186810581321,5.158964969502469,4.88634152457305,7.791527867991665,5.285789954536574,5.962254030512798,4.102752342056333,5.2573633258481305,8.715546573145136,8.30515786651224,6.445844280266753
74T,Donor74,T,dMMR,1307,323715,1164,1250,81,481,115,85,330,603,121,58,63,615,3052,8.187787475217872,8.259049548689488,5.526329451355919,7.304431827818625,5.875634866878822,5.5743442145355075,6.927964908105087,7.530345673396337,5.92635408376902,5.193900565866575,5.276151683458748,7.550040275098864,9.151550233214055,6.791068062108072
7N,Donor7,N,pMMR,1168,157177,1487,224,55,359,49,47,41,47,29,50,40,93,187,9.155004361737987,7.2627302089503285,5.860569593349321,7.734142831739052,5.745405578437429,5.703868933950612,5.567781042731907,5.703868933950612,5.223083811878427,5.765544334960602,5.543183899212062,6.384670861975997,7.082331502657134,6.364014299656267
7T,Donor7,T,pMMR,865,215164,573,646,88,400,159,60,364,280,99,49,66,415,756,7.887615901527388,8.007487270467896,6.016133626606325,7.528357063420024,6.606611271064216,5.63427896521636,7.434099553823981,7.171912501859115,6.133645616445476,5.432556538326771,5.729264251089812,7.565151604276522,8.1646806950856,6.8701380660930385
92T,Donor92,T,dMMR,1286,402735,5078,1681,124,340,1669,113,1364,292,166,89,118,1379,5800,9.44222857045388,8.336860186887032,5.733000667160432,6.7396059328985265,8.329697699294945,5.640422010735083,8.127948556653088,6.587608583023535,6.023887466116595,5.402627776119165,5.683568323411759,8.13888238530783,9.57515913275932,7.2124228685247065
NC,DonorC,N,,362,77271,410,503,76,83,24,9,22,21,20,11,17,111,124,8.576782163281706,8.781180334066836,6.89218610294424,6.980207706098075,5.741704838940596,4.76621015226516,5.654985173242937,5.608631811576712,5.5600249347000705,4.9653319068305635,5.398184953564225,7.27066264974495,7.381341080238648,6.429033369807285
