Sample,Donor,Sample_type,score,proximity,model,standardized_beta,n_cells,n_fovs
118N,Donor118,N,core13,epi_k20,unadjusted,0.22129642799139088,718,9
118N,Donor118,N,core13,epi_k20,adjusted,0.1928925584998632,718,9
118N,Donor118,N,core13,nearest_epi,unadjusted,0.23775411439480892,718,9
118N,Donor118,N,core13,nearest_epi,adjusted,0.2026062828623468,718,9
118N,Donor118,N,core13,epithelial_mass_k20,unadjusted,0.14839314696606948,718,9
118N,Donor118,N,core13,epithelial_mass_k20,adjusted,0.1138540163990252,718,9
118N,Donor118,N,core13,nearest_epithelial_mass,unadjusted,0.1757495874033129,718,9
118N,Donor118,N,core13,nearest_epithelial_mass,adjusted,0.11963254832356257,718,9
118N,Donor118,N,noncytokine8,epi_k20,unadjusted,0.26911844961948983,718,9
118N,Donor118,N,noncytokine8,epi_k20,adjusted,0.2260538773805877,718,9
118N,Donor118,N,noncytokine8,nearest_epi,unadjusted,0.26479956355134476,718,9
118N,Donor118,N,noncytokine8,nearest_epi,adjusted,0.2113558759498621,718,9
118N,Donor118,N,noncytokine8,epithelial_mass_k20,unadjusted,0.1981119206634124,718,9
118N,Donor118,N,noncytokine8,epithelial_mass_k20,adjusted,0.15063828373413216,718,9
118N,Donor118,N,noncytokine8,nearest_epithelial_mass,unadjusted,0.2333087324009866,718,9
118N,Donor118,N,noncytokine8,nearest_epithelial_mass,adjusted,0.16607437132022823,718,9
118N,Donor118,N,three_gene,epi_k20,unadjusted,0.04794933353059912,718,9
118N,Donor118,N,three_gene,epi_k20,adjusted,0.11251621480842777,718,9
118N,Donor118,N,three_gene,nearest_epi,unadjusted,0.016193302049059336,718,9
118N,Donor118,N,three_gene,nearest_epi,adjusted,0.054307902747488354,718,9
118N,Donor118,N,three_gene,epithelial_mass_k20,unadjusted,-0.005059026353248982,718,9
118N,Donor118,N,three_gene,epithelial_mass_k20,adjusted,0.03502411210785338,718,9
118N,Donor118,N,three_gene,nearest_epithelial_mass,unadjusted,0.03972233950714819,718,9
118N,Donor118,N,three_gene,nearest_epithelial_mass,adjusted,0.08937109910660351,718,9
118T,Donor118,T,core13,epi_k20,unadjusted,0.20224701378404156,1127,13
118T,Donor118,T,core13,epi_k20,adjusted,-0.0036368700673164805,1127,13
118T,Donor118,T,core13,nearest_epi,unadjusted,0.1753365234527863,1127,13
118T,Donor118,T,core13,nearest_epi,adjusted,0.027534547469266438,1127,13
118T,Donor118,T,core13,epithelial_mass_k20,unadjusted,0.14671660693190708,1127,13
118T,Donor118,T,core13,epithelial_mass_k20,adjusted,0.013511157811422503,1127,13
118T,Donor118,T,core13,nearest_epithelial_mass,unadjusted,0.28999888483538777,1127,13
118T,Donor118,T,core13,nearest_epithelial_mass,adjusted,0.046622654201780585,1127,13
118T,Donor118,T,noncytokine8,epi_k20,unadjusted,0.2312375436834251,1127,13
118T,Donor118,T,noncytokine8,epi_k20,adjusted,0.007848780958526414,1127,13
118T,Donor118,T,noncytokine8,nearest_epi,unadjusted,0.19771407315009287,1127,13
118T,Donor118,T,noncytokine8,nearest_epi,adjusted,0.029029289340199292,1127,13
118T,Donor118,T,noncytokine8,epithelial_mass_k20,unadjusted,0.17004825751587874,1127,13
118T,Donor118,T,noncytokine8,epithelial_mass_k20,adjusted,0.02283918150987932,1127,13
118T,Donor118,T,noncytokine8,nearest_epithelial_mass,unadjusted,0.3174131898501962,1127,13
118T,Donor118,T,noncytokine8,nearest_epithelial_mass,adjusted,0.05948360700987564,1127,13
118T,Donor118,T,three_gene,epi_k20,unadjusted,0.18706861611578768,1127,13
118T,Donor118,T,three_gene,epi_k20,adjusted,-0.01741383326526552,1127,13
118T,Donor118,T,three_gene,nearest_epi,unadjusted,0.15039277740343887,1127,13
118T,Donor118,T,three_gene,nearest_epi,adjusted,-0.004641235953757579,1127,13
118T,Donor118,T,three_gene,epithelial_mass_k20,unadjusted,0.1297037916886038,1127,13
118T,Donor118,T,three_gene,epithelial_mass_k20,adjusted,-0.003949055315379326,1127,13
118T,Donor118,T,three_gene,nearest_epithelial_mass,unadjusted,0.26258177783807024,1127,13
118T,Donor118,T,three_gene,nearest_epithelial_mass,adjusted,0.029427831631275127,1127,13
130T,Donor130,T,core13,epi_k20,unadjusted,0.03628061325504944,488,15
130T,Donor130,T,core13,epi_k20,adjusted,-0.12763525164484743,488,15
130T,Donor130,T,core13,nearest_epi,unadjusted,-0.010800330448340289,488,15
130T,Donor130,T,core13,nearest_epi,adjusted,-0.09845020228086267,488,15
130T,Donor130,T,core13,epithelial_mass_k20,unadjusted,0.013286714618001886,488,15
130T,Donor130,T,core13,epithelial_mass_k20,adjusted,-0.04470885770111985,488,15
130T,Donor130,T,core13,nearest_epithelial_mass,unadjusted,-0.023015035220941,488,15
130T,Donor130,T,core13,nearest_epithelial_mass,adjusted,-0.061544828315553676,488,15
130T,Donor130,T,noncytokine8,epi_k20,unadjusted,0.08447714663470042,488,15
130T,Donor130,T,noncytokine8,epi_k20,adjusted,-0.1018434330370805,488,15
130T,Donor130,T,noncytokine8,nearest_epi,unadjusted,0.03374514845298126,488,15
130T,Donor130,T,noncytokine8,nearest_epi,adjusted,-0.08396806131313873,488,15
130T,Donor130,T,noncytokine8,epithelial_mass_k20,unadjusted,0.0290565239906189,488,15
130T,Donor130,T,noncytokine8,epithelial_mass_k20,adjusted,-0.04137972298630228,488,15
130T,Donor130,T,noncytokine8,nearest_epithelial_mass,unadjusted,-0.004856704554636153,488,15
130T,Donor130,T,noncytokine8,nearest_epithelial_mass,adjusted,-0.058234983839797416,488,15
130T,Donor130,T,three_gene,epi_k20,unadjusted,-0.05091810700228531,488,15
130T,Donor130,T,three_gene,epi_k20,adjusted,-0.08643875731994256,488,15
130T,Donor130,T,three_gene,nearest_epi,unadjusted,-0.1281500363187606,488,15
130T,Donor130,T,three_gene,nearest_epi,adjusted,-0.14034876230703516,488,15
130T,Donor130,T,three_gene,epithelial_mass_k20,unadjusted,-0.02484705758561848,488,15
130T,Donor130,T,three_gene,epithelial_mass_k20,adjusted,-0.03153517671773037,488,15
130T,Donor130,T,three_gene,nearest_epithelial_mass,unadjusted,-0.0632057843863419,488,15
130T,Donor130,T,three_gene,nearest_epithelial_mass,adjusted,-0.052035564201701544,488,15
137T,Donor137,T,core13,epi_k20,unadjusted,0.15225014051607466,1715,17
137T,Donor137,T,core13,epi_k20,adjusted,0.07585706890503735,1715,17
137T,Donor137,T,core13,nearest_epi,unadjusted,0.046545100404341094,1715,17
137T,Donor137,T,core13,nearest_epi,adjusted,0.024438275059149545,1715,17
137T,Donor137,T,core13,epithelial_mass_k20,unadjusted,0.0982874518648785,1715,17
137T,Donor137,T,core13,epithelial_mass_k20,adjusted,0.016267698829259124,1715,17
137T,Donor137,T,core13,nearest_epithelial_mass,unadjusted,0.05444502090208571,1715,17
137T,Donor137,T,core13,nearest_epithelial_mass,adjusted,-0.007946939201137539,1715,17
137T,Donor137,T,noncytokine8,epi_k20,unadjusted,0.15320528338903988,1715,17
137T,Donor137,T,noncytokine8,epi_k20,adjusted,0.09285989421716219,1715,17
137T,Donor137,T,noncytokine8,nearest_epi,unadjusted,0.037436444365988725,1715,17
137T,Donor137,T,noncytokine8,nearest_epi,adjusted,0.023215202202304667,1715,17
137T,Donor137,T,noncytokine8,epithelial_mass_k20,unadjusted,0.09755301838113563,1715,17
137T,Donor137,T,noncytokine8,epithelial_mass_k20,adjusted,0.03141791624474889,1715,17
137T,Donor137,T,noncytokine8,nearest_epithelial_mass,unadjusted,0.07378980262038365,1715,17
137T,Donor137,T,noncytokine8,nearest_epithelial_mass,adjusted,0.027117554265963285,1715,17
137T,Donor137,T,three_gene,epi_k20,unadjusted,0.12512363925760062,1715,17
137T,Donor137,T,three_gene,epi_k20,adjusted,0.10423315318347136,1715,17
137T,Donor137,T,three_gene,nearest_epi,unadjusted,0.01030847909870325,1715,17
137T,Donor137,T,three_gene,nearest_epi,adjusted,0.02810688374034325,1715,17
137T,Donor137,T,three_gene,epithelial_mass_k20,unadjusted,0.07706930997379856,1715,17
137T,Donor137,T,three_gene,epithelial_mass_k20,adjusted,0.05301076086134848,1715,17
137T,Donor137,T,three_gene,nearest_epithelial_mass,unadjusted,0.043352847082928574,1715,17
137T,Donor137,T,three_gene,nearest_epithelial_mass,adjusted,0.044198598348465346,1715,17
142N,Donor142,N,core13,epi_k20,unadjusted,0.135434707618809,2528,22
142N,Donor142,N,core13,epi_k20,adjusted,0.004415051350840955,2528,22
142N,Donor142,N,core13,nearest_epi,unadjusted,0.1302258020061046,2528,22
142N,Donor142,N,core13,nearest_epi,adjusted,-0.02109131359010383,2528,22
142N,Donor142,N,core13,epithelial_mass_k20,unadjusted,0.05562587893218942,2528,22
142N,Donor142,N,core13,epithelial_mass_k20,adjusted,0.00491007655007512,2528,22
142N,Donor142,N,core13,nearest_epithelial_mass,unadjusted,0.1416034018948763,2528,22
142N,Donor142,N,core13,nearest_epithelial_mass,adjusted,0.029833242895003394,2528,22
142N,Donor142,N,noncytokine8,epi_k20,unadjusted,0.1515702369264365,2528,22
142N,Donor142,N,noncytokine8,epi_k20,adjusted,0.002925169627635851,2528,22
142N,Donor142,N,noncytokine8,nearest_epi,unadjusted,0.16147947220643538,2528,22
142N,Donor142,N,noncytokine8,nearest_epi,adjusted,0.00015462520266881885,2528,22
142N,Donor142,N,noncytokine8,epithelial_mass_k20,unadjusted,0.05982021326147396,2528,22
142N,Donor142,N,noncytokine8,epithelial_mass_k20,adjusted,0.0010622512107463246,2528,22
142N,Donor142,N,noncytokine8,nearest_epithelial_mass,unadjusted,0.15934536902238453,2528,22
142N,Donor142,N,noncytokine8,nearest_epithelial_mass,adjusted,0.03706042504885983,2528,22
142N,Donor142,N,three_gene,epi_k20,unadjusted,-0.022381929418421345,2528,22
142N,Donor142,N,three_gene,epi_k20,adjusted,0.030688233170246198,2528,22
142N,Donor142,N,three_gene,nearest_epi,unadjusted,-0.006907332591446907,2528,22
142N,Donor142,N,three_gene,nearest_epi,adjusted,0.028092895045472795,2528,22
142N,Donor142,N,three_gene,epithelial_mass_k20,unadjusted,-0.012303976348339152,2528,22
142N,Donor142,N,three_gene,epithelial_mass_k20,adjusted,0.013543097531228272,2528,22
142N,Donor142,N,three_gene,nearest_epithelial_mass,unadjusted,0.00483634168402108,2528,22
142N,Donor142,N,three_gene,nearest_epithelial_mass,adjusted,0.01960265912173154,2528,22
142T,Donor142,T,core13,epi_k20,unadjusted,0.11757915778029555,1285,15
142T,Donor142,T,core13,epi_k20,adjusted,0.07136388153691586,1285,15
142T,Donor142,T,core13,nearest_epi,unadjusted,-0.007525639475724661,1285,15
142T,Donor142,T,core13,nearest_epi,adjusted,0.002080413524346971,1285,15
142T,Donor142,T,core13,epithelial_mass_k20,unadjusted,0.07648236062614013,1285,15
142T,Donor142,T,core13,epithelial_mass_k20,adjusted,0.04440435578743118,1285,15
142T,Donor142,T,core13,nearest_epithelial_mass,unadjusted,0.07272264956896579,1285,15
142T,Donor142,T,core13,nearest_epithelial_mass,adjusted,0.016346677111356685,1285,15
142T,Donor142,T,noncytokine8,epi_k20,unadjusted,0.12313256362021005,1285,15
142T,Donor142,T,noncytokine8,epi_k20,adjusted,0.0809741223575341,1285,15
142T,Donor142,T,noncytokine8,nearest_epi,unadjusted,0.004022156798481529,1285,15
142T,Donor142,T,noncytokine8,nearest_epi,adjusted,0.013180676831123095,1285,15
142T,Donor142,T,noncytokine8,epithelial_mass_k20,unadjusted,0.09486594750397945,1285,15
142T,Donor142,T,noncytokine8,epithelial_mass_k20,adjusted,0.06667010756091948,1285,15
142T,Donor142,T,noncytokine8,nearest_epithelial_mass,unadjusted,0.08473098693724371,1285,15
142T,Donor142,T,noncytokine8,nearest_epithelial_mass,adjusted,0.033786638261636734,1285,15
142T,Donor142,T,three_gene,epi_k20,unadjusted,0.09422100841119817,1285,15
142T,Donor142,T,three_gene,epi_k20,adjusted,0.10217542565391446,1285,15
142T,Donor142,T,three_gene,nearest_epi,unadjusted,-0.0170436761547134,1285,15
142T,Donor142,T,three_gene,nearest_epi,adjusted,0.01927496771670967,1285,15
142T,Donor142,T,three_gene,epithelial_mass_k20,unadjusted,0.06583427417835036,1285,15
142T,Donor142,T,three_gene,epithelial_mass_k20,adjusted,0.07667708406115727,1285,15
142T,Donor142,T,three_gene,nearest_epithelial_mass,unadjusted,0.020464829977519493,1285,15
142T,Donor142,T,three_gene,nearest_epithelial_mass,adjusted,0.018552982356186833,1285,15
150T,Donor150,T,core13,epi_k20,unadjusted,0.11638382493150036,1290,14
150T,Donor150,T,core13,epi_k20,adjusted,0.0026516418914569783,1290,14
150T,Donor150,T,core13,nearest_epi,unadjusted,0.13015159946022078,1290,14
150T,Donor150,T,core13,nearest_epi,adjusted,0.042970643973146344,1290,14
150T,Donor150,T,core13,epithelial_mass_k20,unadjusted,0.09745866626068381,1290,14
150T,Donor150,T,core13,epithelial_mass_k20,adjusted,0.0230249383597615,1290,14
150T,Donor150,T,core13,nearest_epithelial_mass,unadjusted,0.18358344828329912,1290,14
150T,Donor150,T,core13,nearest_epithelial_mass,adjusted,0.05456065275843694,1290,14
150T,Donor150,T,noncytokine8,epi_k20,unadjusted,0.11714458155981675,1290,14
150T,Donor150,T,noncytokine8,epi_k20,adjusted,0.008889539895162215,1290,14
150T,Donor150,T,noncytokine8,nearest_epi,unadjusted,0.1277700883291142,1290,14
150T,Donor150,T,noncytokine8,nearest_epi,adjusted,0.046171761516788715,1290,14
150T,Donor150,T,noncytokine8,epithelial_mass_k20,unadjusted,0.0967805237745397,1290,14
150T,Donor150,T,noncytokine8,epithelial_mass_k20,adjusted,0.024168152689972126,1290,14
150T,Donor150,T,noncytokine8,nearest_epithelial_mass,unadjusted,0.18404746375321138,1290,14
150T,Donor150,T,noncytokine8,nearest_epithelial_mass,adjusted,0.06123900921890689,1290,14
150T,Donor150,T,three_gene,epi_k20,unadjusted,0.02915642569513215,1290,14
150T,Donor150,T,three_gene,epi_k20,adjusted,-0.00610098151999274,1290,14
150T,Donor150,T,three_gene,nearest_epi,unadjusted,0.03250618273314452,1290,14
150T,Donor150,T,three_gene,nearest_epi,adjusted,0.009646873229817927,1290,14
150T,Donor150,T,three_gene,epithelial_mass_k20,unadjusted,0.03559126772134256,1290,14
150T,Donor150,T,three_gene,epithelial_mass_k20,adjusted,0.009919349920732562,1290,14
150T,Donor150,T,three_gene,nearest_epithelial_mass,unadjusted,0.09902995932313144,1290,14
150T,Donor150,T,three_gene,nearest_epithelial_mass,adjusted,0.030753952645659232,1290,14
170N,Donor170,N,core13,epi_k20,unadjusted,-0.002939670268854526,1180,7
170N,Donor170,N,core13,epi_k20,adjusted,-0.0339133058539178,1180,7
170N,Donor170,N,core13,nearest_epi,unadjusted,-0.00011431602547226279,1180,7
170N,Donor170,N,core13,nearest_epi,adjusted,-0.036307934252544645,1180,7
170N,Donor170,N,core13,epithelial_mass_k20,unadjusted,0.04972289828584571,1180,7
170N,Donor170,N,core13,epithelial_mass_k20,adjusted,0.026879243946117706,1180,7
170N,Donor170,N,core13,nearest_epithelial_mass,unadjusted,0.07053953503017925,1180,7
170N,Donor170,N,core13,nearest_epithelial_mass,adjusted,0.011100440960458546,1180,7
170N,Donor170,N,noncytokine8,epi_k20,unadjusted,0.01869315135052366,1180,7
170N,Donor170,N,noncytokine8,epi_k20,adjusted,-0.03010657319183893,1180,7
170N,Donor170,N,noncytokine8,nearest_epi,unadjusted,0.025995477827107726,1180,7
170N,Donor170,N,noncytokine8,nearest_epi,adjusted,-0.02985545602094968,1180,7
170N,Donor170,N,noncytokine8,epithelial_mass_k20,unadjusted,0.050266756024989256,1180,7
170N,Donor170,N,noncytokine8,epithelial_mass_k20,adjusted,0.02368960131449901,1180,7
170N,Donor170,N,noncytokine8,nearest_epithelial_mass,unadjusted,0.09178849147389401,1180,7
170N,Donor170,N,noncytokine8,nearest_epithelial_mass,adjusted,0.030738269028336936,1180,7
170N,Donor170,N,three_gene,epi_k20,unadjusted,-0.08235342387183614,1180,7
170N,Donor170,N,three_gene,epi_k20,adjusted,0.027717914829345932,1180,7
170N,Donor170,N,three_gene,nearest_epi,unadjusted,-0.08122550845317839,1180,7
170N,Donor170,N,three_gene,nearest_epi,adjusted,0.05901013853851793,1180,7
170N,Donor170,N,three_gene,epithelial_mass_k20,unadjusted,-0.020668500689362435,1180,7
170N,Donor170,N,three_gene,epithelial_mass_k20,adjusted,-0.006685008138058369,1180,7
170N,Donor170,N,three_gene,nearest_epithelial_mass,unadjusted,0.034517516517839866,1180,7
170N,Donor170,N,three_gene,nearest_epithelial_mass,adjusted,0.036213265442565146,1180,7
170T,Donor170,T,core13,epi_k20,unadjusted,0.09075674985685409,933,21
170T,Donor170,T,core13,epi_k20,adjusted,-0.04830418541055708,933,21
170T,Donor170,T,core13,nearest_epi,unadjusted,0.07178325022553403,933,21
170T,Donor170,T,core13,nearest_epi,adjusted,0.002655511690669687,933,21
170T,Donor170,T,core13,epithelial_mass_k20,unadjusted,0.05271855452214914,933,21
170T,Donor170,T,core13,epithelial_mass_k20,adjusted,-0.023195932041571832,933,21
170T,Donor170,T,core13,nearest_epithelial_mass,unadjusted,0.05684158156131978,933,21
170T,Donor170,T,core13,nearest_epithelial_mass,adjusted,-0.025244636039961726,933,21
170T,Donor170,T,noncytokine8,epi_k20,unadjusted,0.13120118236285755,933,21
170T,Donor170,T,noncytokine8,epi_k20,adjusted,-0.012798516341769454,933,21
170T,Donor170,T,noncytokine8,nearest_epi,unadjusted,0.09810642015050902,933,21
170T,Donor170,T,noncytokine8,nearest_epi,adjusted,0.014896043460115178,933,21
170T,Donor170,T,noncytokine8,epithelial_mass_k20,unadjusted,0.08434326232829918,933,21
170T,Donor170,T,noncytokine8,epithelial_mass_k20,adjusted,0.00019862224023646256,933,21
170T,Donor170,T,noncytokine8,nearest_epithelial_mass,unadjusted,0.09014658153946344,933,21
170T,Donor170,T,noncytokine8,nearest_epithelial_mass,adjusted,-0.0005907337769803789,933,21
170T,Donor170,T,three_gene,epi_k20,unadjusted,0.11966867871598469,933,21
170T,Donor170,T,three_gene,epi_k20,adjusted,-0.018022038034754568,933,21
170T,Donor170,T,three_gene,nearest_epi,unadjusted,0.0642265538550633,933,21
170T,Donor170,T,three_gene,nearest_epi,adjusted,-0.031326465033619875,933,21
170T,Donor170,T,three_gene,epithelial_mass_k20,unadjusted,0.09509596441173068,933,21
170T,Donor170,T,three_gene,epithelial_mass_k20,adjusted,0.019774697901854484,933,21
170T,Donor170,T,three_gene,nearest_epithelial_mass,unadjusted,0.130870261779085,933,21
170T,Donor170,T,three_gene,nearest_epithelial_mass,adjusted,0.05708321233722898,933,21
278N,Donor278,N,core13,epi_k20,unadjusted,-0.06019042080309991,537,10
278N,Donor278,N,core13,epi_k20,adjusted,-0.005382463170456682,537,10
278N,Donor278,N,core13,nearest_epi,unadjusted,-0.09193098293897188,537,10
278N,Donor278,N,core13,nearest_epi,adjusted,-0.0035110072402711272,537,10
278N,Donor278,N,core13,epithelial_mass_k20,unadjusted,-0.020997562342970007,537,10
278N,Donor278,N,core13,epithelial_mass_k20,adjusted,-0.02398173879459831,537,10
278N,Donor278,N,core13,nearest_epithelial_mass,unadjusted,-0.06719956148736908,537,10
278N,Donor278,N,core13,nearest_epithelial_mass,adjusted,-0.028271778023208467,537,10
278N,Donor278,N,noncytokine8,epi_k20,unadjusted,0.016948218115775238,537,10
278N,Donor278,N,noncytokine8,epi_k20,adjusted,0.038032492388474164,537,10
278N,Donor278,N,noncytokine8,nearest_epi,unadjusted,0.006251994864051533,537,10
278N,Donor278,N,noncytokine8,nearest_epi,adjusted,0.06089444786187424,537,10
278N,Donor278,N,noncytokine8,epithelial_mass_k20,unadjusted,0.022555929863699083,537,10
278N,Donor278,N,noncytokine8,epithelial_mass_k20,adjusted,0.01153273244654383,537,10
278N,Donor278,N,noncytokine8,nearest_epithelial_mass,unadjusted,-0.0040633130385072285,537,10
278N,Donor278,N,noncytokine8,nearest_epithelial_mass,adjusted,0.01952918287328812,537,10
278N,Donor278,N,three_gene,epi_k20,unadjusted,-0.08704292718440258,537,10
278N,Donor278,N,three_gene,epi_k20,adjusted,0.01467034044295793,537,10
278N,Donor278,N,three_gene,nearest_epi,unadjusted,-0.13388474395063762,537,10
278N,Donor278,N,three_gene,nearest_epi,adjusted,-0.02299137516453292,537,10
278N,Donor278,N,three_gene,epithelial_mass_k20,unadjusted,-0.0006287671676313229,537,10
278N,Donor278,N,three_gene,epithelial_mass_k20,adjusted,0.01701221519980945,537,10
278N,Donor278,N,three_gene,nearest_epithelial_mass,unadjusted,-0.018172035341768075,537,10
278N,Donor278,N,three_gene,nearest_epithelial_mass,adjusted,0.023106375172208597,537,10
278T,Donor278,T,core13,epi_k20,unadjusted,-0.012174338114412228,738,16
278T,Donor278,T,core13,epi_k20,adjusted,0.020609457848012436,738,16
278T,Donor278,T,core13,nearest_epi,unadjusted,-0.031184330903411956,738,16
278T,Donor278,T,core13,nearest_epi,adjusted,0.00904930881566296,738,16
278T,Donor278,T,core13,epithelial_mass_k20,unadjusted,-0.04326975838267202,738,16
278T,Donor278,T,core13,epithelial_mass_k20,adjusted,-0.04014289408813144,738,16
278T,Donor278,T,core13,nearest_epithelial_mass,unadjusted,-0.03153753825227072,738,16
278T,Donor278,T,core13,nearest_epithelial_mass,adjusted,-0.048639112124857366,738,16
278T,Donor278,T,noncytokine8,epi_k20,unadjusted,-0.022169065258537166,738,16
278T,Donor278,T,noncytokine8,epi_k20,adjusted,-0.001983172451250283,738,16
278T,Donor278,T,noncytokine8,nearest_epi,unadjusted,-0.04975894417900676,738,16
278T,Donor278,T,noncytokine8,nearest_epi,adjusted,-0.02250188132496842,738,16
278T,Donor278,T,noncytokine8,epithelial_mass_k20,unadjusted,-0.0564247936091212,738,16
278T,Donor278,T,noncytokine8,epithelial_mass_k20,adjusted,-0.05979764241862401,738,16
278T,Donor278,T,noncytokine8,nearest_epithelial_mass,unadjusted,-0.04031393450613547,738,16
278T,Donor278,T,noncytokine8,nearest_epithelial_mass,adjusted,-0.06285829844654148,738,16
278T,Donor278,T,three_gene,epi_k20,unadjusted,0.026784577305236604,738,16
278T,Donor278,T,three_gene,epi_k20,adjusted,0.04819990733012984,738,16
278T,Donor278,T,three_gene,nearest_epi,unadjusted,-0.017880213371290136,738,16
278T,Donor278,T,three_gene,nearest_epi,adjusted,-0.008960791531061652,738,16
278T,Donor278,T,three_gene,epithelial_mass_k20,unadjusted,0.017704228856285673,738,16
278T,Donor278,T,three_gene,epithelial_mass_k20,adjusted,0.01807118806782259,738,16
278T,Donor278,T,three_gene,nearest_epithelial_mass,unadjusted,0.018458466193622746,738,16
278T,Donor278,T,three_gene,nearest_epithelial_mass,adjusted,-0.0012035548257997948,738,16
280N,Donor280,N,core13,epi_k20,unadjusted,0.15123536172654767,534,10
280N,Donor280,N,core13,epi_k20,adjusted,0.05075639864861298,534,10
280N,Donor280,N,core13,nearest_epi,unadjusted,0.15208834790043296,534,10
280N,Donor280,N,core13,nearest_epi,adjusted,0.08850664284196845,534,10
280N,Donor280,N,core13,epithelial_mass_k20,unadjusted,0.1557450612778021,534,10
280N,Donor280,N,core13,epithelial_mass_k20,adjusted,0.12534915616374073,534,10
280N,Donor280,N,core13,nearest_epithelial_mass,unadjusted,0.15101666821603132,534,10
280N,Donor280,N,core13,nearest_epithelial_mass,adjusted,0.08494949824878184,534,10
280N,Donor280,N,noncytokine8,epi_k20,unadjusted,0.16424274312059958,534,10
280N,Donor280,N,noncytokine8,epi_k20,adjusted,0.051199530361751344,534,10
280N,Donor280,N,noncytokine8,nearest_epi,unadjusted,0.1588357814383768,534,10
280N,Donor280,N,noncytokine8,nearest_epi,adjusted,0.0770749570793668,534,10
280N,Donor280,N,noncytokine8,epithelial_mass_k20,unadjusted,0.16090524148402052,534,10
280N,Donor280,N,noncytokine8,epithelial_mass_k20,adjusted,0.12381324502437269,534,10
280N,Donor280,N,noncytokine8,nearest_epithelial_mass,unadjusted,0.16448442131426752,534,10
280N,Donor280,N,noncytokine8,nearest_epithelial_mass,adjusted,0.08988523376296391,534,10
280N,Donor280,N,three_gene,epi_k20,unadjusted,-0.012007367998646226,534,10
280N,Donor280,N,three_gene,epi_k20,adjusted,0.01137100586103129,534,10
280N,Donor280,N,three_gene,nearest_epi,unadjusted,-0.0694477468308804,534,10
280N,Donor280,N,three_gene,nearest_epi,adjusted,-0.04776653325624755,534,10
280N,Donor280,N,three_gene,epithelial_mass_k20,unadjusted,0.06562759315552247,534,10
280N,Donor280,N,three_gene,epithelial_mass_k20,adjusted,0.08853688547110809,534,10
280N,Donor280,N,three_gene,nearest_epithelial_mass,unadjusted,0.02819609293106718,534,10
280N,Donor280,N,three_gene,nearest_epithelial_mass,adjusted,0.05467603827319657,534,10
280T,Donor280,T,core13,epi_k20,unadjusted,-0.12005646420093644,384,13
280T,Donor280,T,core13,epi_k20,adjusted,-0.12216662657510685,384,13
280T,Donor280,T,core13,nearest_epi,unadjusted,-0.15003124567920395,384,13
280T,Donor280,T,core13,nearest_epi,adjusted,-0.0977141824322391,384,13
280T,Donor280,T,core13,epithelial_mass_k20,unadjusted,-0.17238777443400516,384,13
280T,Donor280,T,core13,epithelial_mass_k20,adjusted,-0.17536721141120934,384,13
280T,Donor280,T,core13,nearest_epithelial_mass,unadjusted,-0.13217275361084416,384,13
280T,Donor280,T,core13,nearest_epithelial_mass,adjusted,-0.16957706100956296,384,13
280T,Donor280,T,noncytokine8,epi_k20,unadjusted,-0.11713022129694195,384,13
280T,Donor280,T,noncytokine8,epi_k20,adjusted,-0.1343260273572992,384,13
280T,Donor280,T,noncytokine8,nearest_epi,unadjusted,-0.13005771749881742,384,13
280T,Donor280,T,noncytokine8,nearest_epi,adjusted,-0.07987593654672945,384,13
280T,Donor280,T,noncytokine8,epithelial_mass_k20,unadjusted,-0.16621127324122978,384,13
280T,Donor280,T,noncytokine8,epithelial_mass_k20,adjusted,-0.17881294676389728,384,13
280T,Donor280,T,noncytokine8,nearest_epithelial_mass,unadjusted,-0.1135140933292064,384,13
280T,Donor280,T,noncytokine8,nearest_epithelial_mass,adjusted,-0.15836939992937193,384,13
280T,Donor280,T,three_gene,epi_k20,unadjusted,-0.09563374837354878,384,13
280T,Donor280,T,three_gene,epi_k20,adjusted,-0.08110949755185348,384,13
280T,Donor280,T,three_gene,nearest_epi,unadjusted,-0.11524115656296433,384,13
280T,Donor280,T,three_gene,nearest_epi,adjusted,-0.020453478658072188,384,13
280T,Donor280,T,three_gene,epithelial_mass_k20,unadjusted,-0.08065473581720058,384,13
280T,Donor280,T,three_gene,epithelial_mass_k20,adjusted,-0.07020991731056297,384,13
280T,Donor280,T,three_gene,nearest_epithelial_mass,unadjusted,-0.042283912270478174,384,13
280T,Donor280,T,three_gene,nearest_epithelial_mass,adjusted,-0.03930512505620693,384,13
46T,Donor46,T,core13,epi_k20,unadjusted,7.928899236134383e-05,636,14
46T,Donor46,T,core13,epi_k20,adjusted,-0.15058597900016024,636,14
46T,Donor46,T,core13,nearest_epi,unadjusted,-0.014398974667061658,636,14
46T,Donor46,T,core13,nearest_epi,adjusted,-0.0875428857974048,636,14
46T,Donor46,T,core13,epithelial_mass_k20,unadjusted,-0.058672261948900586,636,14
46T,Donor46,T,core13,epithelial_mass_k20,adjusted,-0.139766785752269,636,14
46T,Donor46,T,core13,nearest_epithelial_mass,unadjusted,-0.03164771000693608,636,14
46T,Donor46,T,core13,nearest_epithelial_mass,adjusted,-0.1498571533870229,636,14
46T,Donor46,T,noncytokine8,epi_k20,unadjusted,0.032710722658035776,636,14
46T,Donor46,T,noncytokine8,epi_k20,adjusted,-0.11772613914768182,636,14
46T,Donor46,T,noncytokine8,nearest_epi,unadjusted,0.00214843441618731,636,14
46T,Donor46,T,noncytokine8,nearest_epi,adjusted,-0.07607878672970411,636,14
46T,Donor46,T,noncytokine8,epithelial_mass_k20,unadjusted,-0.02577281174482839,636,14
46T,Donor46,T,noncytokine8,epithelial_mass_k20,adjusted,-0.10827494066589492,636,14
46T,Donor46,T,noncytokine8,nearest_epithelial_mass,unadjusted,0.005965791964767846,636,14
46T,Donor46,T,noncytokine8,nearest_epithelial_mass,adjusted,-0.11266053861137007,636,14
46T,Donor46,T,three_gene,epi_k20,unadjusted,-0.024350919573300475,636,14
46T,Donor46,T,three_gene,epi_k20,adjusted,-0.08897631234109084,636,14
46T,Donor46,T,three_gene,nearest_epi,unadjusted,-0.06087213714141127,636,14
46T,Donor46,T,three_gene,nearest_epi,adjusted,-0.08836874729342775,636,14
46T,Donor46,T,three_gene,epithelial_mass_k20,unadjusted,-0.033884793805322506,636,14
46T,Donor46,T,three_gene,epithelial_mass_k20,adjusted,-0.06006225423836217,636,14
46T,Donor46,T,three_gene,nearest_epithelial_mass,unadjusted,-0.016833188398059095,636,14
46T,Donor46,T,three_gene,nearest_epithelial_mass,adjusted,-0.07303391832466224,636,14
64N,Donor64,N,core13,epi_k20,unadjusted,0.0503520720691816,1640,9
64N,Donor64,N,core13,epi_k20,adjusted,-0.028234027460810617,1640,9
64N,Donor64,N,core13,nearest_epi,unadjusted,0.040825124577158506,1640,9
64N,Donor64,N,core13,nearest_epi,adjusted,-0.03542697968699356,1640,9
64N,Donor64,N,core13,epithelial_mass_k20,unadjusted,-0.01640440542372717,1640,9
64N,Donor64,N,core13,epithelial_mass_k20,adjusted,-0.030694986054574658,1640,9
64N,Donor64,N,core13,nearest_epithelial_mass,unadjusted,0.03804919552826951,1640,9
64N,Donor64,N,core13,nearest_epithelial_mass,adjusted,0.010046290924047714,1640,9
64N,Donor64,N,noncytokine8,epi_k20,unadjusted,0.06200568628034345,1640,9
64N,Donor64,N,noncytokine8,epi_k20,adjusted,-0.02832636801063345,1640,9
64N,Donor64,N,noncytokine8,nearest_epi,unadjusted,0.06301430001718623,1640,9
64N,Donor64,N,noncytokine8,nearest_epi,adjusted,-0.024818035171833525,1640,9
64N,Donor64,N,noncytokine8,epithelial_mass_k20,unadjusted,-0.008371664165116819,1640,9
64N,Donor64,N,noncytokine8,epithelial_mass_k20,adjusted,-0.028174930891770297,1640,9
64N,Donor64,N,noncytokine8,nearest_epithelial_mass,unadjusted,0.03657386180479636,1640,9
64N,Donor64,N,noncytokine8,nearest_epithelial_mass,adjusted,0.004401427666784749,1640,9
64N,Donor64,N,three_gene,epi_k20,unadjusted,-0.0006232157373524961,1640,9
64N,Donor64,N,three_gene,epi_k20,adjusted,-0.007990921604535512,1640,9
64N,Donor64,N,three_gene,nearest_epi,unadjusted,-0.011019110103173427,1640,9
64N,Donor64,N,three_gene,nearest_epi,adjusted,-0.013888113265532272,1640,9
64N,Donor64,N,three_gene,epithelial_mass_k20,unadjusted,0.005713420970408802,1640,9
64N,Donor64,N,three_gene,epithelial_mass_k20,adjusted,0.01003950188491943,1640,9
64N,Donor64,N,three_gene,nearest_epithelial_mass,unadjusted,0.11086290862338706,1640,9
64N,Donor64,N,three_gene,nearest_epithelial_mass,adjusted,0.11048822163434488,1640,9
64T,Donor64,T,core13,epi_k20,unadjusted,0.16988208004680422,2188,20
64T,Donor64,T,core13,epi_k20,adjusted,-0.006421082508173252,2188,20
64T,Donor64,T,core13,nearest_epi,unadjusted,0.10269979448178054,2188,20
64T,Donor64,T,core13,nearest_epi,adjusted,-0.04989517210771125,2188,20
64T,Donor64,T,core13,epithelial_mass_k20,unadjusted,0.08401670098588582,2188,20
64T,Donor64,T,core13,epithelial_mass_k20,adjusted,-0.013039554623740759,2188,20
64T,Donor64,T,core13,nearest_epithelial_mass,unadjusted,0.21188417271938842,2188,20
64T,Donor64,T,core13,nearest_epithelial_mass,adjusted,0.04807137872771814,2188,20
64T,Donor64,T,noncytokine8,epi_k20,unadjusted,0.20214663638570185,2188,20
64T,Donor64,T,noncytokine8,epi_k20,adjusted,0.00793660919733423,2188,20
64T,Donor64,T,noncytokine8,nearest_epi,unadjusted,0.13317803052070698,2188,20
64T,Donor64,T,noncytokine8,nearest_epi,adjusted,-0.037726483604127316,2188,20
64T,Donor64,T,noncytokine8,epithelial_mass_k20,unadjusted,0.10156400676211767,2188,20
64T,Donor64,T,noncytokine8,epithelial_mass_k20,adjusted,-0.00829608862655349,2188,20
64T,Donor64,T,noncytokine8,nearest_epithelial_mass,unadjusted,0.24916657170410114,2188,20
64T,Donor64,T,noncytokine8,nearest_epithelial_mass,adjusted,0.07510881023534248,2188,20
64T,Donor64,T,three_gene,epi_k20,unadjusted,0.10520677444842527,2188,20
64T,Donor64,T,three_gene,epi_k20,adjusted,0.04875892942371013,2188,20
64T,Donor64,T,three_gene,nearest_epi,unadjusted,0.04637084681799126,2188,20
64T,Donor64,T,three_gene,nearest_epi,adjusted,0.01257837222844702,2188,20
64T,Donor64,T,three_gene,epithelial_mass_k20,unadjusted,0.049057293874395363,2188,20
64T,Donor64,T,three_gene,epithelial_mass_k20,adjusted,0.011834509655436032,2188,20
64T,Donor64,T,three_gene,nearest_epithelial_mass,unadjusted,0.15604117751924446,2188,20
64T,Donor64,T,three_gene,nearest_epithelial_mass,adjusted,0.07715037735274291,2188,20
67T,Donor67,T,core13,epi_k20,unadjusted,0.05114921248922912,3225,27
67T,Donor67,T,core13,epi_k20,adjusted,-0.046135239939680474,3225,27
67T,Donor67,T,core13,nearest_epi,unadjusted,0.05097360349149763,3225,27
67T,Donor67,T,core13,nearest_epi,adjusted,-0.016190780548662867,3225,27
67T,Donor67,T,core13,epithelial_mass_k20,unadjusted,0.05738699149043813,3225,27
67T,Donor67,T,core13,epithelial_mass_k20,adjusted,0.009373211940825181,3225,27
67T,Donor67,T,core13,nearest_epithelial_mass,unadjusted,0.012478471577421688,3225,27
67T,Donor67,T,core13,nearest_epithelial_mass,adjusted,0.014431782305418856,3225,27
67T,Donor67,T,noncytokine8,epi_k20,unadjusted,0.0751672922742769,3225,27
67T,Donor67,T,noncytokine8,epi_k20,adjusted,-0.029845852679016308,3225,27
67T,Donor67,T,noncytokine8,nearest_epi,unadjusted,0.07261436466438101,3225,27
67T,Donor67,T,noncytokine8,nearest_epi,adjusted,-0.0037403084911483775,3225,27
67T,Donor67,T,noncytokine8,epithelial_mass_k20,unadjusted,0.057025189300461604,3225,27
67T,Donor67,T,noncytokine8,epithelial_mass_k20,adjusted,0.0076385728477193614,3225,27
67T,Donor67,T,noncytokine8,nearest_epithelial_mass,unadjusted,0.017245427041394843,3225,27
67T,Donor67,T,noncytokine8,nearest_epithelial_mass,adjusted,0.018937411792952677,3225,27
67T,Donor67,T,three_gene,epi_k20,unadjusted,0.0596280674804372,3225,27
67T,Donor67,T,three_gene,epi_k20,adjusted,0.0015955764775800723,3225,27
67T,Donor67,T,three_gene,nearest_epi,unadjusted,0.05136599905504459,3225,27
67T,Donor67,T,three_gene,nearest_epi,adjusted,0.018246328105684464,3225,27
67T,Donor67,T,three_gene,epithelial_mass_k20,unadjusted,0.06101729867833571,3225,27
67T,Donor67,T,three_gene,epithelial_mass_k20,adjusted,0.022905564457932744,3225,27
67T,Donor67,T,three_gene,nearest_epithelial_mass,unadjusted,0.04637254355502168,3225,27
67T,Donor67,T,three_gene,nearest_epithelial_mass,adjusted,0.03754775560438773,3225,27
73N,Donor73,N,core13,epi_k20,unadjusted,0.08331496973391711,1867,11
73N,Donor73,N,core13,epi_k20,adjusted,-0.05359650665415933,1867,11
73N,Donor73,N,core13,nearest_epi,unadjusted,0.11764626795457532,1867,11
73N,Donor73,N,core13,nearest_epi,adjusted,-0.06188221130798286,1867,11
73N,Donor73,N,core13,epithelial_mass_k20,unadjusted,-0.002364555212897555,1867,11
73N,Donor73,N,core13,epithelial_mass_k20,adjusted,-0.020180893936081957,1867,11
73N,Donor73,N,core13,nearest_epithelial_mass,unadjusted,0.08527635505557164,1867,11
73N,Donor73,N,core13,nearest_epithelial_mass,adjusted,-0.008379735545703218,1867,11
73N,Donor73,N,noncytokine8,epi_k20,unadjusted,0.10531030395377908,1867,11
73N,Donor73,N,noncytokine8,epi_k20,adjusted,-0.04935319269414009,1867,11
73N,Donor73,N,noncytokine8,nearest_epi,unadjusted,0.1402241882301549,1867,11
73N,Donor73,N,noncytokine8,nearest_epi,adjusted,-0.05314684854979886,1867,11
73N,Donor73,N,noncytokine8,epithelial_mass_k20,unadjusted,-0.010828068681227269,1867,11
73N,Donor73,N,noncytokine8,epithelial_mass_k20,adjusted,-0.03297676242064684,1867,11
73N,Donor73,N,noncytokine8,nearest_epithelial_mass,unadjusted,0.09663008854239995,1867,11
73N,Donor73,N,noncytokine8,nearest_epithelial_mass,adjusted,-0.0041935595264168835,1867,11
73N,Donor73,N,three_gene,epi_k20,unadjusted,-0.10794181036550779,1867,11
73N,Donor73,N,three_gene,epi_k20,adjusted,-0.04440277547684863,1867,11
73N,Donor73,N,three_gene,nearest_epi,unadjusted,-0.05768091362435351,1867,11
73N,Donor73,N,three_gene,nearest_epi,adjusted,-0.019769674018247124,1867,11
73N,Donor73,N,three_gene,epithelial_mass_k20,unadjusted,-0.04021114563987783,1867,11
73N,Donor73,N,three_gene,epithelial_mass_k20,adjusted,-0.02252731269228773,1867,11
73N,Donor73,N,three_gene,nearest_epithelial_mass,unadjusted,-0.004966481579567211,1867,11
73N,Donor73,N,three_gene,nearest_epithelial_mass,adjusted,0.0017347582890435867,1867,11
73T,Donor73,T,core13,epi_k20,unadjusted,0.04553583509645345,1828,31
73T,Donor73,T,core13,epi_k20,adjusted,0.0017965611968149737,1828,31
73T,Donor73,T,core13,nearest_epi,unadjusted,0.024828853893447064,1828,31
73T,Donor73,T,core13,nearest_epi,adjusted,-0.011332628977429976,1828,31
73T,Donor73,T,core13,epithelial_mass_k20,unadjusted,0.07843111204176581,1828,31
73T,Donor73,T,core13,epithelial_mass_k20,adjusted,0.024938075844454004,1828,31
73T,Donor73,T,core13,nearest_epithelial_mass,unadjusted,0.08269703814182627,1828,31
73T,Donor73,T,core13,nearest_epithelial_mass,adjusted,0.03963045174083593,1828,31
73T,Donor73,T,noncytokine8,epi_k20,unadjusted,0.05665275591123215,1828,31
73T,Donor73,T,noncytokine8,epi_k20,adjusted,0.005546042631061651,1828,31
73T,Donor73,T,noncytokine8,nearest_epi,unadjusted,0.02582956817327563,1828,31
73T,Donor73,T,noncytokine8,nearest_epi,adjusted,-0.019958098787988206,1828,31
73T,Donor73,T,noncytokine8,epithelial_mass_k20,unadjusted,0.08852414799722856,1828,31
73T,Donor73,T,noncytokine8,epithelial_mass_k20,adjusted,0.030847093776255666,1828,31
73T,Donor73,T,noncytokine8,nearest_epithelial_mass,unadjusted,0.08380628359575616,1828,31
73T,Donor73,T,noncytokine8,nearest_epithelial_mass,adjusted,0.035052151623794985,1828,31
73T,Donor73,T,three_gene,epi_k20,unadjusted,-0.008600224997740087,1828,31
73T,Donor73,T,three_gene,epi_k20,adjusted,0.006382316432947743,1828,31
73T,Donor73,T,three_gene,nearest_epi,unadjusted,-0.043700728598529824,1828,31
73T,Donor73,T,three_gene,nearest_epi,adjusted,-0.027283675989654168,1828,31
73T,Donor73,T,three_gene,epithelial_mass_k20,unadjusted,0.05540010534795851,1828,31
73T,Donor73,T,three_gene,epithelial_mass_k20,adjusted,0.03363882735907115,1828,31
73T,Donor73,T,three_gene,nearest_epithelial_mass,unadjusted,0.040270088235486556,1828,31
73T,Donor73,T,three_gene,nearest_epithelial_mass,adjusted,0.022858550999328722,1828,31
74T,Donor74,T,core13,epi_k20,unadjusted,0.1815133354108455,1307,15
74T,Donor74,T,core13,epi_k20,adjusted,0.00899388640073216,1307,15
74T,Donor74,T,core13,nearest_epi,unadjusted,0.1515665554899055,1307,15
74T,Donor74,T,core13,nearest_epi,adjusted,0.013103651258709761,1307,15
74T,Donor74,T,core13,epithelial_mass_k20,unadjusted,0.17544592257747357,1307,15
74T,Donor74,T,core13,epithelial_mass_k20,adjusted,0.026242269930852286,1307,15
74T,Donor74,T,core13,nearest_epithelial_mass,unadjusted,0.25414374925633093,1307,15
74T,Donor74,T,core13,nearest_epithelial_mass,adjusted,0.06396250252736974,1307,15
74T,Donor74,T,noncytokine8,epi_k20,unadjusted,0.21278094506309617,1307,15
74T,Donor74,T,noncytokine8,epi_k20,adjusted,0.024944855947495015,1307,15
74T,Donor74,T,noncytokine8,nearest_epi,unadjusted,0.17800240174721732,1307,15
74T,Donor74,T,noncytokine8,nearest_epi,adjusted,0.01820187951979588,1307,15
74T,Donor74,T,noncytokine8,epithelial_mass_k20,unadjusted,0.19837278740884348,1307,15
74T,Donor74,T,noncytokine8,epithelial_mass_k20,adjusted,0.03361622888975535,1307,15
74T,Donor74,T,noncytokine8,nearest_epithelial_mass,unadjusted,0.2926739862685871,1307,15
74T,Donor74,T,noncytokine8,nearest_epithelial_mass,adjusted,0.09113793138231063,1307,15
74T,Donor74,T,three_gene,epi_k20,unadjusted,0.2262917402001134,1307,15
74T,Donor74,T,three_gene,epi_k20,adjusted,0.05468436618309807,1307,15
74T,Donor74,T,three_gene,nearest_epi,unadjusted,0.212771855326939,1307,15
74T,Donor74,T,three_gene,nearest_epi,adjusted,0.0712494526820008,1307,15
74T,Donor74,T,three_gene,epithelial_mass_k20,unadjusted,0.2054075678085827,1307,15
74T,Donor74,T,three_gene,epithelial_mass_k20,adjusted,0.056649511218100614,1307,15
74T,Donor74,T,three_gene,nearest_epithelial_mass,unadjusted,0.25354375351396835,1307,15
74T,Donor74,T,three_gene,nearest_epithelial_mass,adjusted,0.06617564698025262,1307,15
7N,Donor7,N,core13,epi_k20,unadjusted,0.035447921566030924,1168,7
7N,Donor7,N,core13,epi_k20,adjusted,-0.10646011486947761,1168,7
7N,Donor7,N,core13,nearest_epi,unadjusted,0.06830225166974466,1168,7
7N,Donor7,N,core13,nearest_epi,adjusted,-0.08235011962001121,1168,7
7N,Donor7,N,core13,epithelial_mass_k20,unadjusted,0.02704078291595397,1168,7
7N,Donor7,N,core13,epithelial_mass_k20,adjusted,-0.014111384839981228,1168,7
7N,Donor7,N,core13,nearest_epithelial_mass,unadjusted,0.036250369040590466,1168,7
7N,Donor7,N,core13,nearest_epithelial_mass,adjusted,-0.03105990054439321,1168,7
7N,Donor7,N,noncytokine8,epi_k20,unadjusted,0.0646302200453618,1168,7
7N,Donor7,N,noncytokine8,epi_k20,adjusted,-0.09902694839764718,1168,7
7N,Donor7,N,noncytokine8,nearest_epi,unadjusted,0.10897095761827892,1168,7
7N,Donor7,N,noncytokine8,nearest_epi,adjusted,-0.05381791958631994,1168,7
7N,Donor7,N,noncytokine8,epithelial_mass_k20,unadjusted,0.04199533349700528,1168,7
7N,Donor7,N,noncytokine8,epithelial_mass_k20,adjusted,-0.004941916842058291,1168,7
7N,Donor7,N,noncytokine8,nearest_epithelial_mass,unadjusted,0.06452330780632998,1168,7
7N,Donor7,N,noncytokine8,nearest_epithelial_mass,adjusted,-0.008116628471275917,1168,7
7N,Donor7,N,three_gene,epi_k20,unadjusted,-0.10168680942529444,1168,7
7N,Donor7,N,three_gene,epi_k20,adjusted,-0.0901618000199494,1168,7
7N,Donor7,N,three_gene,nearest_epi,unadjusted,-0.06490117846619146,1168,7
7N,Donor7,N,three_gene,nearest_epi,adjusted,-0.04720007683320142,1168,7
7N,Donor7,N,three_gene,epithelial_mass_k20,unadjusted,-0.0658231503144318,1168,7
7N,Donor7,N,three_gene,epithelial_mass_k20,adjusted,-0.06285709289149086,1168,7
7N,Donor7,N,three_gene,nearest_epithelial_mass,unadjusted,0.02550064098248905,1168,7
7N,Donor7,N,three_gene,nearest_epithelial_mass,adjusted,0.026433770326108743,1168,7
7T,Donor7,T,core13,epi_k20,unadjusted,0.2324363407881474,865,15
7T,Donor7,T,core13,epi_k20,adjusted,0.08802174677877213,865,15
7T,Donor7,T,core13,nearest_epi,unadjusted,0.19080490046632614,865,15
7T,Donor7,T,core13,nearest_epi,adjusted,0.0507506073534269,865,15
7T,Donor7,T,core13,epithelial_mass_k20,unadjusted,0.16993953959699798,865,15
7T,Donor7,T,core13,epithelial_mass_k20,adjusted,0.06013003630271174,865,15
7T,Donor7,T,core13,nearest_epithelial_mass,unadjusted,0.1782759606813638,865,15
7T,Donor7,T,core13,nearest_epithelial_mass,adjusted,0.026421754526511913,865,15
7T,Donor7,T,noncytokine8,epi_k20,unadjusted,0.2852661176015129,865,15
7T,Donor7,T,noncytokine8,epi_k20,adjusted,0.14827587023112973,865,15
7T,Donor7,T,noncytokine8,nearest_epi,unadjusted,0.23480940897735075,865,15
7T,Donor7,T,noncytokine8,nearest_epi,adjusted,0.09289455085183883,865,15
7T,Donor7,T,noncytokine8,epithelial_mass_k20,unadjusted,0.18983279376911769,865,15
7T,Donor7,T,noncytokine8,epithelial_mass_k20,adjusted,0.07271387277916853,865,15
7T,Donor7,T,noncytokine8,nearest_epithelial_mass,unadjusted,0.19351068934016669,865,15
7T,Donor7,T,noncytokine8,nearest_epithelial_mass,adjusted,0.03429111385523947,865,15
7T,Donor7,T,three_gene,epi_k20,unadjusted,0.16072251084347716,865,15
7T,Donor7,T,three_gene,epi_k20,adjusted,0.08340105651583242,865,15
7T,Donor7,T,three_gene,nearest_epi,unadjusted,0.13538229801119744,865,15
7T,Donor7,T,three_gene,nearest_epi,adjusted,0.05757243798933777,865,15
7T,Donor7,T,three_gene,epithelial_mass_k20,unadjusted,0.1469184902652728,865,15
7T,Donor7,T,three_gene,epithelial_mass_k20,adjusted,0.08096027063563101,865,15
7T,Donor7,T,three_gene,nearest_epithelial_mass,unadjusted,0.1364551240658325,865,15
7T,Donor7,T,three_gene,nearest_epithelial_mass,adjusted,0.04820949946080913,865,15
92T,Donor92,T,core13,epi_k20,unadjusted,0.26186193547492376,1286,16
92T,Donor92,T,core13,epi_k20,adjusted,0.0810660796621137,1286,16
92T,Donor92,T,core13,nearest_epi,unadjusted,0.23718489227389009,1286,16
92T,Donor92,T,core13,nearest_epi,adjusted,0.0790664851144211,1286,16
92T,Donor92,T,core13,epithelial_mass_k20,unadjusted,0.25408824984137723,1286,16
92T,Donor92,T,core13,epithelial_mass_k20,adjusted,0.07840382088978438,1286,16
92T,Donor92,T,core13,nearest_epithelial_mass,unadjusted,0.28865412217119535,1286,16
92T,Donor92,T,core13,nearest_epithelial_mass,adjusted,0.10035892455011702,1286,16
92T,Donor92,T,noncytokine8,epi_k20,unadjusted,0.3475077488636815,1286,16
92T,Donor92,T,noncytokine8,epi_k20,adjusted,0.17156185931045237,1286,16
92T,Donor92,T,noncytokine8,nearest_epi,unadjusted,0.2971834177915868,1286,16
92T,Donor92,T,noncytokine8,nearest_epi,adjusted,0.13069581505808192,1286,16
92T,Donor92,T,noncytokine8,epithelial_mass_k20,unadjusted,0.32513943684362434,1286,16
92T,Donor92,T,noncytokine8,epithelial_mass_k20,adjusted,0.14978582267195903,1286,16
92T,Donor92,T,noncytokine8,nearest_epithelial_mass,unadjusted,0.32963808741425615,1286,16
92T,Donor92,T,noncytokine8,nearest_epithelial_mass,adjusted,0.12805025275434564,1286,16
92T,Donor92,T,three_gene,epi_k20,unadjusted,0.23938561537496753,1286,16
92T,Donor92,T,three_gene,epi_k20,adjusted,0.1317321932186473,1286,16
92T,Donor92,T,three_gene,nearest_epi,unadjusted,0.21792600665916648,1286,16
92T,Donor92,T,three_gene,nearest_epi,adjusted,0.12308343693485312,1286,16
92T,Donor92,T,three_gene,epithelial_mass_k20,unadjusted,0.22414075272970385,1286,16
92T,Donor92,T,three_gene,epithelial_mass_k20,adjusted,0.11302924548775294,1286,16
92T,Donor92,T,three_gene,nearest_epithelial_mass,unadjusted,0.21378557517912872,1286,16
92T,Donor92,T,three_gene,nearest_epithelial_mass,adjusted,0.07904954917275483,1286,16
NC,DonorC,N,core13,epi_k20,unadjusted,-0.14177876049285887,362,5
NC,DonorC,N,core13,epi_k20,adjusted,-0.10661350052732288,362,5
NC,DonorC,N,core13,nearest_epi,unadjusted,-0.1292634944127458,362,5
NC,DonorC,N,core13,nearest_epi,adjusted,-0.031071433651418474,362,5
NC,DonorC,N,core13,epithelial_mass_k20,unadjusted,-0.09197475490222155,362,5
NC,DonorC,N,core13,epithelial_mass_k20,adjusted,-0.052616488014000054,362,5
NC,DonorC,N,core13,nearest_epithelial_mass,unadjusted,-0.09451620246467389,362,5
NC,DonorC,N,core13,nearest_epithelial_mass,adjusted,-0.03378871429057792,362,5
NC,DonorC,N,noncytokine8,epi_k20,unadjusted,-0.12335004646933319,362,5
NC,DonorC,N,noncytokine8,epi_k20,adjusted,-0.10729857112971476,362,5
NC,DonorC,N,noncytokine8,nearest_epi,unadjusted,-0.10747392537661815,362,5
NC,DonorC,N,noncytokine8,nearest_epi,adjusted,-0.037434611290919476,362,5
NC,DonorC,N,noncytokine8,epithelial_mass_k20,unadjusted,-0.08135451256118621,362,5
NC,DonorC,N,noncytokine8,epithelial_mass_k20,adjusted,-0.048531520705096046,362,5
NC,DonorC,N,noncytokine8,nearest_epithelial_mass,unadjusted,-0.08309975764478908,362,5
NC,DonorC,N,noncytokine8,nearest_epithelial_mass,adjusted,-0.031712842847164,362,5
NC,DonorC,N,three_gene,epi_k20,unadjusted,-0.1801168085226857,362,5
NC,DonorC,N,three_gene,epi_k20,adjusted,-0.09665725607976618,362,5
NC,DonorC,N,three_gene,nearest_epi,unadjusted,-0.15718340066718445,362,5
NC,DonorC,N,three_gene,nearest_epi,adjusted,-0.031788018074624294,362,5
NC,DonorC,N,three_gene,epithelial_mass_k20,unadjusted,-0.08606480593005744,362,5
NC,DonorC,N,three_gene,epithelial_mass_k20,adjusted,-0.018937846701775306,362,5
NC,DonorC,N,three_gene,nearest_epithelial_mass,unadjusted,-0.06809348268691605,362,5
NC,DonorC,N,three_gene,nearest_epithelial_mass,adjusted,0.012784205770856625,362,5
