gene,var_index,n_cells_global,mean_counts_global,total_counts_global,global_log_mean,global_logit_detection,z_global_mean,z_global_detection,global_preselection_distance,target,preselection_rank
CLDN4,10407,1632354,2.9648442090337968,19149570.0,1.3774665627723304,-0.4779391934860181,43.202740461782476,1.2128360366194808,0.02846590907466859,TIMP1,1
ITM2A,27839,1053191,2.982862815668168,19265950.0,1.3820008611429244,-1.1149873013551002,43.34720892981262,1.0038188257736596,0.2437619777815499,TIMP1,2
CSTB,26497,2594970,2.979986000666679,19247369.0,1.3812783018697279,0.4407757739002359,43.32418727955321,1.5142689075022042,0.3106968805420276,TIMP1,3
DNAJA1,12466,2713628,2.9565796169892637,19096190.0,1.3753799189505191,0.5591924131949544,43.13625735643223,1.5531217278110343,0.3482275872924747,TIMP1,4
GIMAP4,11165,860018,3.0081701484112027,19429407.0,1.3883348150798984,-1.3760203264123199,43.54901669521742,0.9181731827489731,0.43722926782099664,TIMP1,5
GIMAP7,11164,914021,2.9251746316969247,18893349.0,1.367410842396708,-1.2991326879290899,42.88235252105342,0.9434002253314294,0.44357275611659336,TIMP1,6
JTB,1693,2184371,2.9174554903412804,18843492.0,1.3654423334327037,0.04869177686341413,42.8196333413502,1.3856250853707062,0.4439850066914595,TIMP1,7
CD2,1391,1184766,2.90538110405846,18765505.0,1.3623553723986812,-0.9554369712347426,42.721278867293925,1.056167721531059,0.5345357470727206,TIMP1,8
CEACAM5,24714,1384752,2.9012955653759733,18739117.0,1.3613086942208927,-0.7323305008836497,42.687930379720555,1.1293695591606039,0.5499928491810082,TIMP1,9
GPR183,17935,1027286,3.036229042222342,19610636.0,1.3953108506884728,-1.1479248904579904,43.77128199293811,0.9930119135150226,0.5854776526676907,TIMP1,10
PRDX5,15272,2626071,2.9038040502074742,18755319.0,1.3619514752336708,0.47148904032789274,42.70841019392889,1.5243460134622973,0.6055612078337205,TIMP1,11
CDK2AP2,15433,1659711,3.046910462326357,19679626.0,1.397953741192927,-0.4508727567635505,43.85548781953878,1.2217166078689408,0.6247572458618138,TIMP1,12
PLP2,27620,2054139,2.891729509099025,18677331.0,1.3588536627048322,-0.07349311841959515,42.609709977554004,1.3455358900586438,0.6340007092557011,TIMP1,13
TUFM,20676,1981355,2.8891185297015163,18660467.0,1.3581825329044581,-0.1419607720294134,42.58832693519883,1.3230714673346646,0.6509577044293654,TIMP1,14
TUBA1A,16599,1410826,2.886909322809732,18646198.0,1.3576143232752937,-0.7045820804162806,42.5702230593759,1.1384738911252135,0.6652839583023675,TIMP1,15
COX6A1,17380,3080463,2.903945251180584,18756231.0,1.361987644677047,0.955787610435192,42.70956259803797,1.6832456869564218,0.6986565949350749,TIMP1,16
TMBIM6,16614,3543672,2.940368909217838,18991487.0,1.371274350707838,1.5919226813666232,43.00544877130252,1.891963327908306,0.7106623511749707,TIMP1,17
CYCS,10086,2643480,3.054658556074514,19729670.0,1.399866480834546,0.48877591780430224,43.91643011825412,1.5300178848166268,0.7533592114910761,TIMP1,18
CLIC1,8894,3221260,2.9001337538603833,18731613.0,1.3610108484091479,1.1270298741232347,42.678440636299385,1.7394307378071732,0.7595861437555269,TIMP1,19
ATP5MC2,16729,3616769,3.002959646712688,19395753.0,1.3870339991983682,1.7191981522074558,43.507571059700204,1.9337227548583764,0.7674336688923867,TIMP1,20
LGALS1,27054,1879949,2.8712182098472505,18544851.0,1.3535692404142123,-0.2379460334273027,42.44134161483194,1.291578442911748,0.7928258586390367,TIMP1,21
ARPC3,17275,3253125,2.8923240395121197,18681171.0,1.3590064186977189,1.1678808561344711,42.61457697625393,1.7528340557274835,0.8159364128698706,TIMP1,22
SRSF3,9049,2712722,3.072466135377362,19844687.0,1.4042487460211501,0.5582746318744706,44.056054617187925,1.552820601272231,0.890659571349008,TIMP1,23
WDR83OS,24050,1827090,2.854127937680827,18434467.0,1.349144765518215,-0.28838738531680747,42.30037226129139,1.2750284986406577,0.9321184174858013,TIMP1,24
TSPAN8,17006,1491203,3.0960612514958092,19997085.0,1.410025841603866,-0.6206082108945241,44.24012017271275,1.1660259453179176,1.010713315799662,TIMP1,25
GPX4,23604,2429412,2.841157420660768,18350692.0,1.345773732814684,0.28032300047799125,42.19296690536753,1.461623917651475,1.0659973157008942,TIMP1,26
EDF1,13324,3163597,2.844898472320042,18374855.0,1.3467471974906615,1.0551890190921043,42.223982718383276,1.715859558554143,1.1231520716742518,TIMP1,27
HNRNPK,12720,3112537,2.840851175567773,18348714.0,1.3456940023407276,0.9935980938608501,42.190426591853424,1.6956514090498422,1.1447477767517336,TIMP1,28
MCL1,1550,3253657,2.84176681433419,18354628.0,1.3459323686819815,1.1685703093524402,42.198021244286146,1.753060267196992,1.1631195111482222,TIMP1,29
HSPD1,4223,2544123,2.8206936528769155,18218519.0,1.3404319906567626,0.3909931136199334,42.02277225933989,1.4979350817334094,1.239991175446053,TIMP1,30
IGHV3-21,19126,102479,3.0500766464273443,19700076.0,1.39873580598316,-3.7041964637503026,43.88040539066246,0.15429228180422327,1.2463732009416333,TIMP1,31
IFITM3,14426,1844513,2.811523485731812,18159290.0,1.3380289742353701,-0.2717240757133615,41.94620912372859,1.2804957756857507,1.2860542209950736,TIMP1,32
APRT,21380,2353970,3.129632247329606,20213916.0,1.418188358778149,0.20849800495796023,44.50018827036729,1.438057941947022,1.2883859583864974,TIMP1,33
IFITM2,14421,2468645,2.8128590116024776,18167916.0,1.3383793044777976,0.31794925475023234,41.95737108734271,1.473969193660325,1.2988515015255462,TIMP1,34
LIMD2,22708,1461239,3.1350819546240145,20249115.0,1.419507148019032,-0.6516515368992749,44.542206559794515,1.1558405459159873,1.312934918703294,TIMP1,35
RGS2,2182,1397631,6.285207851083756,40595397.0,1.9858459706174734,-0.7185912790606642,62.586476124718864,1.133877435079486,0.35867251111981835,IFITM1,1
ALDOA,20731,1964145,6.295640001926031,40662777.0,1.9872769097134029,-0.15819286104341176,62.63206765005254,1.317745674933749,0.3811855828886754,IFITM1,2
LGALS3,18519,2946562,6.153279539684828,39743288.0,1.9675709284248286,0.8042450079008652,62.004210218734414,1.6335241483241287,0.44226866030404494,IFITM1,3
SLC25A5,28021,2926580,6.2849502212380814,40593733.0,1.985810606574829,0.7823975382732772,62.58534938169346,1.6263559343239768,0.48758982509462684,IFITM1,4
SSR4,28266,3187854,6.143386027203792,39679387.0,1.966186897440256,1.0850986221340397,61.96011324502308,1.7256729803791329,0.543441839149195,IFITM1,5
PPP1R15A,24971,2651090,6.067869362469865,39191634.0,1.9555590713310445,0.4963549422614537,61.621497293667524,1.5325045832831916,0.685412438683182,IFITM1,6
BTF3,7592,3795703,6.21639885187507,40150968.0,1.9763560544970955,2.0905394538460675,62.28411542156426,2.05556084240876,0.7875410413217441,IFITM1,7
SRSF7,3077,2917253,6.396174165826609,41312115.0,2.000962861899129,0.7722605929375446,63.068119357330616,1.623029975084166,0.8878687284638591,IFITM1,8
ARHGDIB,16357,2655222,6.002545333331063,38769714.0,1.9462737020092236,0.5004759698531878,61.32565370963759,1.533856703605665,0.9655625057951794,IFITM1,9
LDHA,14771,2851076,5.990677639262169,38693062.0,1.9445774956473967,0.7013776869432525,61.27161043446512,1.5997731015065455,1.0367717740096225,IFITM1,10
CD52,488,1981367,6.448454600248743,41649788.0,2.0080065746653797,-0.14194946065468836,63.29254093469835,1.3230751786273705,1.0399047528606837,IFITM1,11
IGLV1-44,26746,124968,6.21951409834431,40171089.0,1.9767876512417337,-3.500380061714245,62.297866638491016,0.2211649957358407,1.0483438418899518,IFITM1,12
ATP5F1B,16847,2800159,6.504686958836046,42012986.0,2.015527753200979,0.6479778049372626,63.53217517400337,1.582252455485442,1.3160354555459137,IFITM1,13
FABP1,3459,1588133,5.9080016826449295,38159068.0,1.9326804038635759,-0.5220613164166844,60.89255407699883,1.1983594484974114,1.3633205834924473,IFITM1,14
TXNIP,1471,3217460,5.91438018888417,38200266.0,1.9336033282555203,1.1222151283553679,60.92195961278725,1.7378510066708583,1.4123405262027775,IFITM1,15
IGLV1-40,26751,174153,5.851978183830352,37797219.0,1.92453739654413,-3.156552990090671,60.63310758793937,0.3339755898437739,1.8710989228827655,IFITM1,16
GABARAP,21633,1884664,5.793530115674872,37419710.0,1.915970705685571,-0.23346221510943133,60.36016200666705,1.2930495958547743,1.8940602359004761,IFITM1,17
IGHV3-7,19109,135521,5.851985460634888,37797266.0,1.9245384585441068,-3.4167591560396167,60.6331414245988,0.2486012415336294,1.9151436054771431,IFITM1,18
TAGLN2,1875,3218909,6.642931691397222,42905892.0,2.0337812588136672,1.1240496736791916,64.11375489737287,1.7384529259639532,1.9181285055144737,IFITM1,19
IGHV4-39,19157,181107,6.618891451597096,42750619.0,2.030630880322457,-3.1156979384326684,64.01337986310254,0.3473802430262185,1.9859065158223335,IFITM1,20
PPIA,10284,4177135,6.559968997716167,42370046.0,2.0228670893518386,3.8623821472110027,63.76601568545919,2.6369072325008482,2.0391860431327884,IFITM1,21
H3-3A,2504,4032560,5.8127247777826465,37543686.0,1.9187921543489173,2.853828035864184,60.45005692153697,2.3059978949848197,2.0810216153681105,IFITM1,22
GSTP1,15435,2989134,5.736798444435946,37053287.0,1.9075848038281362,0.8514139749957292,60.09297659111265,1.649000414274632,2.19431306169088,IFITM1,23
IL32,20352,2474540,5.713662850782621,36903857.0,1.9041446814469138,0.32362152827161683,59.98336995087157,1.4758302819768105,2.2801316141591705,IFITM1,24
IGLV2-8,26789,158644,6.712966135454775,43358236.0,2.0429028263620053,-3.2536082776320545,64.40437955019414,0.30213148694297987,2.357520736572764,IFITM1,25
BTG2,2284,2617366,6.815944531551064,44023361.0,2.056165817933194,0.462871129697437,64.82695519854862,1.5215184536264759,2.5852927195945603,IFITM1,26
PIGR,2350,1837709,5.618030930754393,36286182.0,1.8897978832198967,-0.27822681631117013,59.52626285478003,1.2783622088705942,2.7278189829979107,IFITM1,27
CHCHD2,10340,3558242,5.63137256480575,36372354.0,1.8918118061206783,1.6164334624753496,59.59042897981795,1.9000053816240534,2.7374503663246488,IFITM1,28
EID1,19540,2006755,5.585211922997783,36074208.0,1.8848265173649832,-0.11803750474515329,59.36786886515321,1.3309207561722085,2.886868382238565,IFITM1,29
ID2,2817,2073207,5.529617755650787,35715132.0,1.8763484049212185,-0.055590839433542275,59.09774550395553,1.3514096763162704,3.1574051328984787,IFITM1,30
S100A4,1669,2496847,5.528368932132031,35707066.0,1.876157131403727,0.345133310121941,59.09165128831548,1.4828883559073944,3.1696653911859394,IFITM1,31
IGHG1,19071,579908,7.011940616939874,45289276.0,2.0809330060112363,-1.8491613065958847,65.61606906504096,0.7629343447503361,3.399818637662459,IFITM1,32
SRP14,19381,3589180,7.018799237452815,45333575.0,2.0817886896532545,1.669856737205906,65.64333222568396,1.917533702861491,3.450834730388455,IFITM1,33
IGKV2D-28,3526,18887,5.553571757575889,35869848.0,1.8800102075217353,-5.415242324034881,59.214415155727075,-0.40710650257057973,3.470941833834657,IFITM1,34
IGHJ4,19082,42652,5.511525297191664,35598275.0,1.8735737294202495,-4.595044064524938,59.009340841063164,-0.13799723056157087,3.5364852183270576,IFITM1,35
NACA2,22685,94438,0.0997930136173785,644551.0,0.095121992659488,-3.7878403445638713,2.345624235724824,0.12684849780107654,0.02042681047288266,CHI3L1,1
AMT,5095,100892,0.0994777886379354,642515.0,0.09483532947887514,-3.720184841881933,2.336490785043156,0.14904645160436572,0.03244616483673261,CHI3L1,2
IL11RA,12509,111418,0.1009918284581581,652294.0,0.09621143578580509,-3.618416018096537,2.3803352685244565,0.18243707852237992,0.05133300792076151,CHI3L1,3
ZNF674-AS1,27555,88951,0.1022075192924344,660146.0,0.09731500451997009,-3.849012703705722,2.415496361015576,0.10677768096518997,0.057158287513701646,CHI3L1,4
CDK5R1,22037,79136,0.1012022364871675,653653.0,0.09640252523881829,-3.9682773611294424,2.386423619637954,0.06764662360976746,0.06923162231352666,CHI3L1,5
TRGV9,10220,74346,0.1003993107782325,648467.0,0.09567312373060217,-4.03185866621241,2.363183967136423,0.04678542508139779,0.0866964254261586,CHI3L1,6
ALDOB,12883,116884,0.0983367237565528,635145.0,0.09379696616161416,-3.56920627070302,2.3034072194189235,0.19858293002019828,0.08959926267694047,CHI3L1,7
S100B,26581,95821,0.0967002168642577,624575.0,0.09230586852655942,-3.772970417283545,2.255898967113172,0.13172736124517412,0.10906502412007464,CHI3L1,8
ZNF671,25390,70848,0.1019051448401495,658193.0,0.09704063156335825,-4.080885849372199,2.406754492379917,0.030699473403487592,0.1109419686086658,CHI3L1,9
ZNF575,24768,133083,0.0995045734716504,642688.0,0.09485969059625184,-3.435502929694756,2.337266960984673,0.24245135859428987,0.11244836664926305,CHI3L1,10
KRT7,16671,131568,0.0988879029936928,638705.0,0.09429867112340184,-3.447318648880424,2.319392172615353,0.2385745891041694,0.1145591402054001,CHI3L1,11
SAMD10,26191,134853,0.0995539628471132,643007.0,0.09490460925089919,-3.421862204772478,2.3386981260056965,0.24692691741308403,0.11646044603668214,CHI3L1,12
PDF,21121,117860,0.1039246903371312,671237.0,0.09887173025379824,-3.560655497486748,2.465095607365966,0.2013884618884565,0.12100769053617981,CHI3L1,13
MOCS3,26034,139757,0.1016637716854581,656634.0,0.09682155681253327,-3.3849543382181015,2.399774494362798,0.259036488464586,0.13031200772168147,CHI3L1,14
IL18RAP,3663,139468,0.0988403715257709,638398.0,0.09425541603269715,-3.387094401987003,2.3180140108408347,0.25833432774158466,0.13340028833707504,CHI3L1,15
MUC5AC,14472,81229,0.1049075234262787,677585.0,0.09976164226059145,-3.941672939282058,2.4934493269043227,0.07637560652646848,0.14060975321618693,CHI3L1,16
THBS2,9866,107643,0.0957659990224309,618541.0,0.09145366118890684,-3.6537930156484615,2.228746565914088,0.17082978973984686,0.1412360918625359,CHI3L1,17
KLRF1,16259,147482,0.0999961448418525,645863.0,0.09530667510895842,-3.3292791868418203,2.351508451620293,0.27730365653296785,0.14446649216020485,CHI3L1,18
WDR5B,5548,100821,0.0954752364922767,616663.0,0.09118827504415183,-3.720905859527458,2.2202910284448674,0.14880988376062426,0.14547084485263603,CHI3L1,19
LINC00954,2890,90304,0.0954938155676859,616783.0,0.09120523473182261,-3.833592639594498,2.220831385495907,0.11183704579459477,0.14573243294533741,CHI3L1,20
HTD2,5250,73071,0.1048750100443126,677375.0,0.09973221548987897,-4.049461056807184,2.492511752855055,0.041010033017766734,0.15754259132382023,CHI3L1,21
REP15,16443,150420,0.0986878682817869,637413.0,0.09411662077949742,-3.3088402025318313,2.3135918189247358,0.28400974268285933,0.15906521703361173,CHI3L1,22
TUBB3,21418,126246,0.1051391425663803,679081.0,0.0999712479169006,-3.489896676080184,2.5001276276208833,0.2246046229765245,0.16303246632194013,CHI3L1,23
H4C11,8729,81523,0.0949333467928413,613163.0,0.0906934909069588,-3.9379898235366273,2.204526581453583,0.07758404678525416,0.16987724950865132,CHI3L1,24
NCDN,649,160087,0.1003372257012401,648066.0,0.09561670164101557,-3.244202112554181,2.3613862881617664,0.305217675199482,0.1717907883829553,CHI3L1,25
MRC1,13514,155240,0.0978213092395754,631816.0,0.09332758780295654,-3.276127229876278,2.288452232591956,0.294742957676325,0.17850176999193518,CHI3L1,26
COL15A1,12862,155195,0.1038653921214501,670854.0,0.09881801299492794,-3.27642809438016,2.4633841077112235,0.2946442432171388,0.18886068252094732,CHI3L1,27
AGAP2,16892,166532,0.1021003799575746,659454.0,0.09721779547310269,-3.203160837063072,2.4123991581118855,0.3186834289263096,0.19120067022129697,CHI3L1,28
SFRP4,10206,59320,0.096919295128458,625990.0,0.09250560987981686,-4.2612195623009645,2.2622629786864974,-0.028468506584591716,0.19174657545542248,CHI3L1,29
ZNF687,1579,171033,0.1002338021814621,647398.0,0.09552270465701125,-3.175393041254542,2.3583914256342746,0.327794117992869,0.1944409089025027,CHI3L1,30
AURKB,21707,160332,0.0973045012919424,628478.0,0.09285671915870637,-3.242613182003127,2.273449763385382,0.3057390076199171,0.1950667858728093,CHI3L1,31
LINC01610,9294,169482,0.0990297232693165,639621.0,0.09442772079671619,-3.184881593273236,2.3235038580581153,0.32468089835778224,0.19565723350632278,CHI3L1,32
SIK1,26489,119065,0.0940743742064218,607615.0,0.08990868542430334,-3.5501928485044427,2.1795216884107718,0.20482128537749467,0.19868468209738643,CHI3L1,33
ZNF48,20752,144544,0.0952592547406446,615268.0,0.09099109756491261,-3.3501145873070115,2.2140087051331783,0.27046750516810897,0.2038463246768465,CHI3L1,34
UBASH3A,26471,168558,0.103206609072565,666599.0,0.09822103829895663,-3.1905739903007566,2.444363740560475,0.32281320746439074,0.20532825409242147,CHI3L1,35
